-- MySQL dump 10.13  Distrib 8.0.18, for Win64 (x86_64)
--
-- Host: 127.0.0.1    Database: neilashop
-- ------------------------------------------------------
-- Server version	8.0.35

/*!40101 SET @OLD_CHARACTER_SET_CLIENT=@@CHARACTER_SET_CLIENT */;
/*!40101 SET @OLD_CHARACTER_SET_RESULTS=@@CHARACTER_SET_RESULTS */;
/*!40101 SET @OLD_COLLATION_CONNECTION=@@COLLATION_CONNECTION */;
/*!50503 SET NAMES utf8mb4 */;
/*!40103 SET @OLD_TIME_ZONE=@@TIME_ZONE */;
/*!40103 SET TIME_ZONE='+00:00' */;
/*!40014 SET @OLD_UNIQUE_CHECKS=@@UNIQUE_CHECKS, UNIQUE_CHECKS=0 */;
/*!40014 SET @OLD_FOREIGN_KEY_CHECKS=@@FOREIGN_KEY_CHECKS, FOREIGN_KEY_CHECKS=0 */;
/*!40101 SET @OLD_SQL_MODE=@@SQL_MODE, SQL_MODE='NO_AUTO_VALUE_ON_ZERO' */;
/*!40111 SET @OLD_SQL_NOTES=@@SQL_NOTES, SQL_NOTES=0 */;

--
-- Table structure for table `cart`
--

DROP TABLE IF EXISTS `cart`;
/*!40101 SET @saved_cs_client     = @@character_set_client */;
/*!50503 SET character_set_client = utf8mb4 */;
CREATE TABLE `cart` (
  `id` int NOT NULL AUTO_INCREMENT,
  `creation` timestamp NOT NULL DEFAULT CURRENT_TIMESTAMP,
  `paid` tinyint(1) NOT NULL DEFAULT '0',
  `user_id` int DEFAULT NULL,
  PRIMARY KEY (`id`),
  KEY `fk_user_cart` (`user_id`),
  CONSTRAINT `fk_user_cart` FOREIGN KEY (`user_id`) REFERENCES `user` (`id`)
) ENGINE=InnoDB AUTO_INCREMENT=5 DEFAULT CHARSET=utf8mb4 COLLATE=utf8mb4_0900_ai_ci;
/*!40101 SET character_set_client = @saved_cs_client */;

--
-- Dumping data for table `cart`
--

LOCK TABLES `cart` WRITE;
/*!40000 ALTER TABLE `cart` DISABLE KEYS */;
INSERT INTO `cart` VALUES (1,'2024-02-28 10:55:01',0,1),(2,'2024-02-28 11:30:00',0,2),(3,'2024-02-27 14:45:00',1,3),(4,'2024-02-28 08:00:00',0,4);
/*!40000 ALTER TABLE `cart` ENABLE KEYS */;
UNLOCK TABLES;

--
-- Table structure for table `tshirt`
--

DROP TABLE IF EXISTS `tshirt`;
/*!40101 SET @saved_cs_client     = @@character_set_client */;
/*!50503 SET character_set_client = utf8mb4 */;
CREATE TABLE `tshirt` (
  `id` int NOT NULL AUTO_INCREMENT,
  `name` varchar(255) NOT NULL,
  `description` varchar(255) NOT NULL,
  `size` varchar(2) NOT NULL,
  `price` int NOT NULL DEFAULT '0',
  `image_url` varchar(255) CHARACTER SET utf8mb4 COLLATE utf8mb4_0900_ai_ci NOT NULL DEFAULT '/img/porDefecto.png',
  PRIMARY KEY (`id`)
) ENGINE=InnoDB AUTO_INCREMENT=113 DEFAULT CHARSET=utf8mb4 COLLATE=utf8mb4_0900_ai_ci;
/*!40101 SET character_set_client = @saved_cs_client */;

--
-- Dumping data for table `tshirt`
--

LOCK TABLES `tshirt` WRITE;
/*!40000 ALTER TABLE `tshirt` DISABLE KEYS */;
INSERT INTO `tshirt` VALUES (3,'React','Camiseta de React','S',38,'/img/3.jpg'),(4,'Redux','Camiseta de Redux','L',150,'/img/4.jpg'),(5,'NodeJs','Camiseta de NodeJs','M',45,'/img/5.jpg'),(6,'Sass','Camiseta de Sass','S',38,'/img/6.jpg'),(7,'HTML5','Camiseta de HTML5','M',55,'/img/7.jpg'),(8,'Github','Camiseta de Github','L',80,'/img/8.jpg'),(9,'Bulma','Camiseta de Bulma','S',30,'/img/9.jpg'),(10,'TypeScript','Camiseta de TypeScript','M',42,'/img/10.jpg'),(11,'Drupal','Camiseta de Drupal','L',65,'/img/11.jpg'),(12,'JavaScript','Camiseta de JavaScript','S',35,'/img/12.jpg');
/*!40000 ALTER TABLE `tshirt` ENABLE KEYS */;
UNLOCK TABLES;

--
-- Table structure for table `tshirt_cart`
--

DROP TABLE IF EXISTS `tshirt_cart`;
/*!40101 SET @saved_cs_client     = @@character_set_client */;
/*!50503 SET character_set_client = utf8mb4 */;
CREATE TABLE `tshirt_cart` (
  `id` int NOT NULL AUTO_INCREMENT,
  `id_cart` int DEFAULT NULL,
  `id_tshirt` int DEFAULT NULL,
  PRIMARY KEY (`id`),
  KEY `id_cart` (`id_cart`),
  KEY `id_tshirt` (`id_tshirt`),
  CONSTRAINT `tshirt_cart_ibfk_1` FOREIGN KEY (`id_cart`) REFERENCES `cart` (`id`),
  CONSTRAINT `tshirt_cart_ibfk_2` FOREIGN KEY (`id_tshirt`) REFERENCES `tshirt` (`id`)
) ENGINE=InnoDB AUTO_INCREMENT=6 DEFAULT CHARSET=utf8mb4 COLLATE=utf8mb4_0900_ai_ci;
/*!40101 SET character_set_client = @saved_cs_client */;

--
-- Dumping data for table `tshirt_cart`
--

LOCK TABLES `tshirt_cart` WRITE;
/*!40000 ALTER TABLE `tshirt_cart` DISABLE KEYS */;
INSERT INTO `tshirt_cart` VALUES (1,1,3),(2,1,4),(3,1,5),(4,1,8),(5,1,7);
/*!40000 ALTER TABLE `tshirt_cart` ENABLE KEYS */;
UNLOCK TABLES;

--
-- Table structure for table `user`
--

DROP TABLE IF EXISTS `user`;
/*!40101 SET @saved_cs_client     = @@character_set_client */;
/*!50503 SET character_set_client = utf8mb4 */;
CREATE TABLE `user` (
  `id` int NOT NULL AUTO_INCREMENT,
  `username` varchar(255) NOT NULL,
  `email` varchar(255) NOT NULL,
  `active_cart_id` int DEFAULT NULL,
  PRIMARY KEY (`id`),
  KEY `fk_active_cart` (`active_cart_id`),
  CONSTRAINT `fk_active_cart` FOREIGN KEY (`active_cart_id`) REFERENCES `cart` (`id`)
) ENGINE=InnoDB AUTO_INCREMENT=5 DEFAULT CHARSET=utf8mb4 COLLATE=utf8mb4_0900_ai_ci;
/*!40101 SET character_set_client = @saved_cs_client */;

--
-- Dumping data for table `user`
--

LOCK TABLES `user` WRITE;
/*!40000 ALTER TABLE `user` DISABLE KEYS */;
INSERT INTO `user` VALUES (1,'john_doe','john.doe@example.com',1),(2,'jane_smith','jane.smith@example.com',2),(3,'alex_jones','alex.jones@example.com',3),(4,'emily_wilson','emily.wilson@example.com',4);
/*!40000 ALTER TABLE `user` ENABLE KEYS */;
UNLOCK TABLES;

--
-- Dumping routines for database 'neilashop'
--
/*!40103 SET TIME_ZONE=@OLD_TIME_ZONE */;

/*!40101 SET SQL_MODE=@OLD_SQL_MODE */;
/*!40014 SET FOREIGN_KEY_CHECKS=@OLD_FOREIGN_KEY_CHECKS */;
/*!40014 SET UNIQUE_CHECKS=@OLD_UNIQUE_CHECKS */;
/*!40101 SET CHARACTER_SET_CLIENT=@OLD_CHARACTER_SET_CLIENT */;
/*!40101 SET CHARACTER_SET_RESULTS=@OLD_CHARACTER_SET_RESULTS */;
/*!40101 SET COLLATION_CONNECTION=@OLD_COLLATION_CONNECTION */;
/*!40111 SET SQL_NOTES=@OLD_SQL_NOTES */;

-- Dump completed on 2024-03-12 23:10:44
